{
  "a": 639.7582025978868,
  "b": -58.612797866395844,
  "g": 1663.0
}
